{
  "id": "compendiums",
  "title": "Mezz's D & D Compendium",
  "version": "1.0.0",
  "compatibility": {
    "minimum": "12",
    "verified": "12"
  },
  "authors": [
    {
      "name": "Mezzarius",
      "discord": "Mezzarius#0828",
      "flags": {}
    }
  ],
  "packs": [
    {
      "name": "items",
      "label": "Items",
      "path": "packs/items",
      "type": "Item",
      "system": "dnd5e",
      "ownership": {
        "PLAYER": "OBSERVER",
        "ASSISTANT": "OWNER"
      }
    },
    {
      "name": "spells",
      "label": "Spells",
      "path": "packs/spells",
      "type": "Item",
      "system": "dnd5e",
      "ownership": {
        "PLAYER": "OBSERVER",
        "ASSISTANT": "OWNER"
      }
    },
    {
      "name": "npcs",
      "label": "NPCs",
      "path": "packs/npcs",
      "type": "Actor",
      "system": "dnd5e",
      "ownership": {
        "PLAYER": "OBSERVER",
        "ASSISTANT": "OWNER"
      }
    },
    {
      "name": "maps",
      "label": "Maps",
      "path": "packs/maps",
      "type": "Scene",
      "system": "dnd5e",
      "ownership": {
        "PLAYER": "OBSERVER",
        "ASSISTANT": "OWNER"
      }
    }
  ],
  "packFolders": [
    {
      "name": "Mezz's Compendiums",
      "sorting": "a",
      "color": "#1875cf",
      "packs": [
        "items",
        "spells",
        "npcs",
        "maps"
      ]
    }
  ]
}